id,category,product_name,brand,specs,price,image_array
1,komputer,"PC IDEACENTER 3-7DID + MONITOR L22-40 21.45""",Lenovo,I3 12100/4GB/256/DOS/1Y/CLOUD GREY,7500,
2,komputer,"PC IDEACENTER 3-A8ID + MONITOR L22-40 21.45""",Lenovo,I3 13100/4GB/256/W11+OHS21/1Y/CLOUD GREY,8270,
3,komputer,"PC IDEACENTER 5-1VID + MONITOR L22-40 21.45""",Lenovo,I5 13400/8GB/512/W11+OHS21/1Y/CLOUD GREY,10790,
4,komputer,AIO 3-1FID,Lenovo,"Celeron 7305/8GB/256/W11+OHS21/21.5""FHD IPS/1Y/BLACK",5945,
5,komputer,AIO 3-50ID,Lenovo,"I3 1215/8GB/256/W11+OHS21/21.5""FHD IPS/1Y/WHITE",7395,
6,komputer,AIO 3-2UID,Lenovo,"I5 12450/8GB/512/W11+OHS21/21.5""FHD IPS/1Y/BLACK",9400,
7,komputer,AIO 3-7PID,Lenovo,"I7 13620H/8GB/512/W11+OHS/23.8""FHD IPS/1Y/LUNA GREY",14300,
8,laptop,IP 1-A6ID,Lenovo,"ATHLON SILVER 7120/8GB/256/W11+OHS21/14""/CLOUD GREY",5020,
9,laptop,IP 1-6UID,Lenovo,"ATHLON SILVER 7120/8GB/512/W11+OHS21/14""/CLOUD GREY",5320,
10,laptop,IP 1-9PID,Lenovo,"N4020/8GB/256/W11+OHS21/14""/2Y/GREY",4295,
11,laptop,IP 1-8BID,Lenovo,"N4020/8GB/512/W11+OHS21/14""/2Y/GREY",4595,
12,laptop,V14-MEID 4GB,Lenovo,"I3 1215U/4GB/256/W11/14""FHD/2Y/GREY",5250,
13,laptop,V14-MEID 8GB,Lenovo,"I3 1215U/8GB/256/W11/14""FHD/2Y/GREY",5475,
14,laptop,V14-HVID,Lenovo,"I3 1215U/8GB/512/DOS/14""FHD/2Y/GREY",5750,
15,laptop,V14-CHID,Lenovo,"I5 13420H/8GB/512/W11+OHS21/14""FHD IPS/2Y/GREY",8540,
16,laptop,V14-V7ID,Lenovo,"R3 7320/8GB/256/W11+OHS21/14""FHD/2Y/ARCTIC GREY",5595,
17,laptop,V14-13ID,Lenovo,"R5 7430/8GB/512/W11+OHS21/14""FHD/2Y/GREY",7500,
18,laptop,IP 3-CVID 256,Lenovo,"I3 1215U/8GB/256/W11+OHS21/14""FHD/BL/ARCTIC GREY",5745,
19,laptop,IP 3-FQID 256,Lenovo,"I3 1215U/8GB/256/W11+OHS21/14""FHD/BL/ARCTIC GREY",5745,
20,laptop,IP 3-FRID 256,Lenovo,"I3 1215U/8GB/256/W11+OHS21/14""FHD/BL/ABYSS BLUE",5745,
21,laptop,IP 3-CXID,Lenovo,"I3 1215U/8GB/512/W11+OHS21/14""FHD/BL/MISTY BLUE",6145,
22,laptop,IP 3-CYID,Lenovo,"I3 1215U/8GB/512/W11+OHS21/14""FHD/BL/ARCTIC GREY",6145,
23,laptop,IP 3-D0ID,Lenovo,"I3 1215U/8GB/512/W11+OHS21/14""FHD/BL/ABYSS BLUE",6145,
24,laptop,IP 3-2CID,Lenovo,"Intel Core 3 100U/8GB/512/W11+OHS21/14""FHD IPS/BL/ABYSS BLUE",7795,
25,laptop,IP 3-2DID,Lenovo,"Intel Core 3 100U/8GB/512/W11+OHS21/14""FHD IPS/BL/ARCTIC GREY",7795,
26,laptop,IP 3-5AID (CI5) PROCESOR GAMING !!,Lenovo,"I5 12450H/8GB/512/W11+OHS21/14""FHD IPS/BL/ARCTIC GREY",7845,
27,laptop,IP 3-6YID  (CI5) PROCESOR GAMING !!,Lenovo,"I5 12450H/8GB/512/W11+OHS21/14""FHD IPS/BL/ABYSS BLUE",7845,
28,laptop,IP 3-6GID,Lenovo,"I5 12450H/16GB/512/W11+OHS21/14""FHD IPS/BL/ABYSS BLUE",8445,
29,laptop,IP 3-6HID,Lenovo,"I5 12450H/16GB/512/W11+OHS21/14""FHD IPS/BL/ARCTIC GREY",8445,
30,laptop,IP 5-5TID OLED,Lenovo,"Intel Core Ultra 5 125H/16GB/512/W11+OHS21/14""WUXGA OLED/BL/ABYSS BLUE",11895,
31,laptop,IP 5-7RID OLED,Lenovo,"Intel Core Ultra 5 125H/16GB/512/W11+OHS21/14""WUXGA OLED/BL/ABYSS BLUE",11895,
32,laptop,IP 5-7QID OLED,Lenovo,"Intel Core Ultra 5 125H/16GB/512/W11+OHS21/14""WUXGA OLED/BL/CLOUD GREY",11895,
33,laptop,IP 3-2AID,Lenovo,"I7 13620H/16GB/512/W11+OHS21/14""FHD IPS/BL/ABYSS BLUE",10895,
34,laptop,IP 3-2BID,Lenovo,"I7 13620H/16GB/512/W11+OHS21/14""FHD IPS/BL/ARCTIC GREY",10895,
35,laptop,IP 5-9PID,Lenovo,"I7 13620H/16GB/512/W11+OHS21/14""WUXGA OLED/BL/ABYSS BLUE",13345,
36,laptop,IP 5-9QID,Lenovo,"I7 13620H/16GB/512/W11+OHS21/14""WUXGA OLED/BL/CLOUD GREY",13345,
37,laptop,IP 5-5UID OLED,Lenovo,"Intel Core Ultra 7 155H/16GB/512/W11+OHS21/14""WUXGA OLED/BL/ABYSS BLUE",13595,
38,laptop,IP 5-7TID OLED,Lenovo,"Intel Core Ultra 7 155H/16GB/512/W11+OHS21/14""WUXGA OLED/BL/CLOUD GREY",13595,
39,laptop,IP 5-8JID 2 IN 1 CORE 3,Lenovo,"Intel Core 3 100U/8GB/512/W11+OHS21/14""WUXGA IPS/TOUCH/FLIP/PEN/BL/LUNA GREY",9895,
40,laptop,IP 5-8KID 2 IN 1 CORE 3,Lenovo,"Intel Core 3 100U/8GB/512/W11+OHS21/14""WUXGA IPS/TOUCH/FLIP/PEN/BL/COSMIC BLUE",9895,
41,laptop,IP 3-2EID,Lenovo,"Intel Core 5 120U/16GB/512/W11+OHS21/14""FHD IPS/BL/ABYSS BLUE",9745,
42,laptop,IP 3-2GID,Lenovo,"Intel Core 5 120U/16GB/512/W11+OHS21/14""FHD IPS/BL/ARCTIC GREY",9745,
43,laptop,IP 5-0YID 2 IN 1 CI5,Lenovo,"I5 13420H/16GB/512/W11+OHS21/14""WUXGA IPS/TOUCH/FLIP/PEN/BL/COSMIC BLUE",11845,
44,laptop,IP 5-10ID 2 IN 1 CI5,Lenovo,"I5 13420H/16GB/512/W11+OHS21/14""WUXGA IPS/TOUCH/FLIP/PEN/BL/LUNA GREY",11845,
45,laptop,IP 5-7LID 2 IN 1 CORE 5 OLED,Lenovo,"Intel Core 5 120U/16GB/512/W11+OHS21/14""WUXGA OLED/TOUCH/FLIP/PEN/BL/COSMIC BLUE",12795,
46,laptop,IP 5-7MID 2 IN 1 CORE 5 OLED,Lenovo,"Intel Core 5 120U/16GB/512/W11+OHS21/14""WUXGA OLED/TOUCH/FLIP/PEN/BL/LUNA GREY",12795,
47,laptop,IP 5-11ID 2 IN 1 CORE 7,Lenovo,"I7 13620H/16GB/512/W11+OHS21/14""WUXGA OLED/TOUCH/FLIP/PEN/COSMIC BLUE",14345,
48,laptop,IP 5-12ID 2 IN 1 CORE 7,Lenovo,"I7 13620H/16GB/512/W11+OHS21/14""WUXGA OLED/TOUCH/FLIP/PEN/BL/LUNA GREY",14345,
49,laptop,IP 5-0DID 2 IN 1 CORE 7 OLED,Lenovo,"Intel Core 7 150U/16GB/512/W11+OHS21/14""WUXGA OLED/TOUCH/FLIP/PEN/BL/LUNA GREY",14545,
50,laptop,IP 5-7NID  2 IN 1 CORE 7 OLED,Lenovo,"Intel Core 7 150U/16GB/512/W11+OHS21/14""WUXGA OLED/TOUCH/FLIP/PEN/BL/LUNA GREY",14545,
51,laptop,IP 5-7PID 2 IN 1 CORE 7 OLED,Lenovo,"Intel Core 7 150U/16GB/512/W11+OHS21/14""WUXGA OLED/TOUCH/FLIP/PEN/BL/COSMIC BLUE",14545,
52,laptop,IP DUET 3-2XID LEPASAN,Lenovo,"INTEL N200/8GB/256/W11+OHS21/11.5""2K IPS/TOUCH/LEPASAN/ABYSS BLUE",8795,
53,laptop,IP DUET 5-4MID LEPASAN,Lenovo,"I5 1335U/16GB/512/W11+OHS21/12.4"" 2.5K/TOUCH/PEN/LEPASAN/BL/STORM GREY",14950,
54,laptop,IP 3-6RID,Lenovo,"R3 7320U/8GB/512/W11+OHS21/14""FHD/BL/ABYSS BLUE",6195,
55,laptop,FLEX 5-HNID,Lenovo,"R5 5500/8GB/512/W11+OHS21/14""WUXGA IPS/TOUCH/FLIP/PEN/BL/STORM GREY",9945,
56,laptop,IP 1-9LID,Lenovo,"R5 5625/16GB/512/W11+OHS21/14""FHD/CLOUD GREY",7295,
57,laptop,IP 3-04ID,Lenovo,"R5 7530/8GB/512/W11+OHS21/14""FHD IPS/BL/ABYSS BLUE",7945,
58,laptop,IP 3-05ID,Lenovo,"R5 7530/8GB/512/W11+OHS21/14""FHD IPS/BL/ARCTIC GREY",7945,
59,laptop,IP 3-7BID,Lenovo,"R5 7530/8GB/512/W11+OHS21/14""FHD IPS/BL/ARCTIC GREY",7945,
60,laptop,IP 3-7CID,Lenovo,"R5 7530/8GB/512/W11+OHS21/14""FHD IPS/BL/ABYSS BLUE",7945,
61,laptop,IP 5-0AID 2 IN 1 R5,Lenovo,"R5 8645HS/16GB/512/W11+OHS21/14""WUXGA IPS/TOUCH/FLIP/PEN/BL/COSMIC BLUE",11195,
62,laptop,IP 5-0BID 2 IN 1 R5,Lenovo,"R5 8645HS/16GB/512/W11+OHS21/14""WUXGA IPS/TOUCH/FLIP/PEN/BL/LUNA GREY",11195,
63,laptop,IP 5-9UID,Lenovo,"R7 7730/16GB/512/W11+OHS21/14""WUXGA OLED/BL/CLOUD GREY",11245,
64,laptop,IP 5-9VID,Lenovo,"R7 7730/16GB/512/W11+OHS21/14""WUXGA OLED/BL/ABYSS BLUE",11245,
65,laptop,IP 5-0LID 13 INCH,Lenovo,"R7 7735HS/16GB/512/W11+OHS21/13.3""WUXGA IPS/100%sRGB/BL/CLOUD GREY",11345,
66,laptop,IP 5-0CID 2 IN 1 R7,Lenovo,"R7 8845HS/16GB/512/W11+OHS21/14""WUXGA IPS/TOUCH/FLIP/PEN/BL/LUNA GREY",12295,
67,laptop,IP 5-0DID 2 IN 1 R7,Lenovo,"R7 8845HS/16GB/512/W11+OHS21/14""WUXGA IPS/TOUCH/FLIP/PEN/BL/COSMIC BLUE",12295,
68,laptop,IP 5-1KID 2 IN 1,Lenovo,"Snapdragon X Plus X1P-42-100/16GB/512/W11+OHS21/14""WUXGA OLED/TOUCH/FLIP/PEN/BL/LUNA GREY",13745,
69,laptop,THINKBOOK 14S YOGA-8SID,Lenovo,"I5 1135G7/8GB/512/W11+OHS21/14""FHD IPS/100%sRGB/TOUCH/FLIP/PEN/BL/ABYSS BLUE",11000,
70,laptop,YOGA SLIM 7X-10ID,Lenovo,"Snapdragon X Elite X1E-78-100 12C/32GB/SSD 1TB/W11+OHS21/14.5"" 3K OLED/100%sRGB/TOUCH/BL/COSMIC BLUE",23500,
71,laptop,YOGA 7-0WID,Lenovo,"Intel Core Ultra 5 125H/16GB/512/W11+OHS21/14""WUXGA OLED/TOUCH/FLIP/PEN/BL/SLEEVECASE INBOX/TIDAL TEAL",15995,
72,laptop,YOGA 7-0XID,Lenovo,"Intel Core Ultra 7 155H/16GB/SSD 1TB/W11+OHS21/14"" 2.8K OLED/TOUCH/FLIP/PEN/BL/SLEEVECASE INBOX/TIDAL TEAL",19595,
73,laptop,YOGA 7-81ID,Lenovo,"Intel Core Ultra 7 155H/32GB/SSD 1TB/W11+OHS21/14"" 2.8K OLED/TOUCH/FLIP/PEN/BL/SLEEVECASE INBOX/TIDAL TEAL",20995,
74,laptop,YOGA SLIM 7-04ID,Lenovo,"Intel Core Ultra 7 155H/16GB/SSD 1TB/W11+OHS21/14""WUXGA OLED/TOUCH/BL/LUNA GREY",16795,
75,laptop,YOGA PRO 7-14ID VGA,Lenovo,"Intel Core Ultra 7 155H/32GB/SSD 1TB/RTX4050 6GB/W11+OHS21/14.5"" 2.8K OLED/BL/LUNA GREY",23295,
76,laptop,YOGA PRO 7-15ID VGA,Lenovo,"Intel Core Ultra 9 185H/32GB/SSD 1TB/RTX4060 8GB/W11+OHS21/14.5"" 3K IPS/100%sRGB/TOUCH/BL/LUNA GREY",27995,
77,laptop,YOGA BOOK 9-0GID,Lenovo,"Intel Core Ultra 7 155U/32GB/SSD 1TB/W11+OHS21/2x 13.3"" 2.8K OLED/TOUCH/PEN/TIDAL TEAL",30795,
78,laptop,YOGA 7-0UID,Lenovo,"R5 8640HS/16GB/512/W11+OHS21/14""WUXGA OLED/TOUCH/FLIP/PEN/BL/SLEEVECASE INBOX/ARCTIC GREY",14195,
79,laptop,YOGA 7-0TID,Lenovo,"R7 8840HS/16GB/SSD 1TB/W11+OHS21/14""WUXGA OLED/TOUCH/FLIP/PEN/BL/SLEEVECASE INBOX/ARCTIC GREY",16295,
80,laptop,YOGA PRO 7-06ID VGA,Lenovo,"R7 8845HS/16GB/SSD 1TB/RTX 3050 6GB/W11+OHS21/14.5"" 2.5K IPS/100%sRGB/TOUCH/BL/LUNA GREY",18395,
81,laptop,GAMING LOQ 15-1HID,Lenovo,"I5 12450HX/12GB/512/RTX2050 4GB/W11+OHS21/15.6""FHD/100%sRGB/BL/LUNA GREY",10545,
82,laptop,GAMING LOQ 15-2QID,Lenovo,"I5 12450HX/12GB/512/RTX2050 4GB/W11+OHS21/15.6""FHD IPS/100%sRGB/WHITE BL/BAREBONE ESSENTIAL/LUNA GREY",10095,
83,laptop,GAMING LOQ 15-1JID,Lenovo,"I5 12450HX/12GB/512/RTX3050 6GB/W11+OHS21/15.6""FHD/100%sRGB/BL/LUNA GREY",11745,
84,laptop,GAMING LOQ 15-A8ID,Lenovo,"I5 13450HX/12GB/512/RTX3050 6GB/W11+OHS21/15.6""FHD IPS/100%sRGB/BL 4-ZONE RGB/LUNA GREY",12645,
85,laptop,GAMING LOQ 15-AAID,Lenovo,"I5 13450HX/12GB/512/RTX4050 6GB/W11+OHS21/15.6""FHD IPS/100%sRGB/BL 4-ZONE RGB/LUNA GREY",14295,
86,laptop,GAMING LOQ 15-A9ID,Lenovo,"I7 13650HX/12GB/512/RTX3050 6GB/W11+OHS21/15.6""FHD/100%sRGB/BL 4-ZONE RGB/LUNA GREY",14395,
87,laptop,GAMING LOQ 15-AHID,Lenovo,"I7 13650HX/12GB/512/RTX4050 6GB/W11+OHS21/15.6""FHD/100%sRGB/BL 4-ZONE RGB/LUNA GREY",16245,
88,laptop,GAMING LOQ 15-AGID,Lenovo,"I7 13650HX/12GB/512/RTX4060 8GB/W11+OHS21/15.6""FHD/100%sRGB/BL 4-ZONE RGB/LUNA GREY",18745,
89,laptop,GAMING LOQ 15-37ID,Lenovo,"R5 8645HS/8GB/512/RTX4050 6GB/W11+OHS21/15.6""FHD IPS/100%sRGB/BL 4-ZONE RGB/LUNA GREY",14395,
90,laptop,GAMING LOQ 15-1YID,Lenovo,"R7 7435HS/12GB/512/RTX4060 8GB/W11+OHS21/15.6""FHD IPS/100%sRGB/BL/LUNA GREY",15545,
91,laptop,GAMING LOQ 15-38ID,Lenovo,"R7 8845HS/8GB/512/RTX4050 6GB/W11+OHS21/15.6""FHD IPS/100%sRGB/4-ZONE RGB BL/LUNA GREY",15945,
92,laptop,LEGION 5-0BID,Lenovo,"I7 13650HX/24GB/512/RTX4060 8GB/W11+OHS21/15.6""FHD IPS/100%sRGB/WHITE BL/STORM GREY",21245,
93,laptop,LEGION 5-BWID,Lenovo,"I7 14650HX/16GB/512/RTX4050 6GB/W11+OHS21/16""WQXGA IPS/100%sRGB/BL 4-ZONE RGB/LUNA GREY",21245,
94,laptop,LEGION 7-07ID,Lenovo,"I7 14700HX/16GB/SSD 1TB/RTX4060 8GB/W11+OHS21/16""3.2K IPS/PER-KEY RGB BL/ECLIPSE BLACK",28995,
95,laptop,LEGION 5 PRO-3MID,Lenovo,"I9 14900HX/32GB/SSD 1TB/RTX4070 8GB/W11+OHS21/16""WQXGA IPS/4-ZONE RGB BL/ONYX GREY",32395,
96,laptop,LEGION GO-4QID,Lenovo,"Ryzen Z1 EXTREME/16GB DDR5/SSD 1TB/RADEON/W11/8.8""WQXGA IPS 144HZ/GORILLA GLASS 5/TOUCH/3Y/SHADOW BLACK",13000,
97,komputer,HP AIO PC 22-DG0005D,HP,"I3 N300/8GB/512/W11+OHS21/21.5""FHD/1Y/WHITE",7395,
98,komputer,HP AIO PC 24-CB1888D,HP,"I3 1215U/8GB/512/W11+OHS21/23.8""FHD IPS/1Y/WHITE",8145,
99,komputer,HP AIO PC 24-DF1001D,HP,"I5 1135G7/8GB/512/W11+OHS21/23.8""FHD/1Y/WHITE",9650,
100,komputer,HP AIO PC 24-CB1015D,HP,"I5 1235/8GB/512/W11+OHS21/23.8""FHD IPS/1Y/WHITE",10400,
101,komputer,HP AIO PC 24-CB1999D,HP,"I5 1235/8GB/SSD 1TB/W11+OHS21/23.8""FHD/1Y/WHITE",11000,
102,komputer,HP AIO 24-CR1123D,HP,"Intel Ultra 5 125U/16GB/512/W11+OHS21/23.8""FHD/1Y/WHITE",12950,
103,laptop,HP 245 G10 3Y,HP,"R3 7320/8GB/256/W11/14""FHD/FP/3Y/SILVER/NEW BODY",5600,
104,laptop,HP 245 G8 R5 512GB TERMURAH !!,HP,"R5 5500/8GB/512/W11/14""/1Y/BLACK",6350,
105,laptop,HP 14-FQ1009AU,HP,"R3 5300/8GB/512/W11+OHS21/14""FHD IPS/BL/SILVER",5645,
106,laptop,HP 14-FQ1011AU,HP,"R3 5300/8GB/512/W11+OHS21/14""FHD IPS/BL/GOLD",5645,
107,laptop,HP 14-EM0332AU,HP,"R3 7320/8GB/512/W11+OHS21/14""FHD IPS/BL/GOLD",6020,
108,laptop,HP 14-EM0333AU,HP,"R3 7320/8GB/512/W11+OHS21/14""FHD IPS/BL/SILVER",6020,
109,laptop,HP 14-FQ1135AU,HP,"R5 5500/8GB/512/W11+OHS21/14""FHD IPS/BL/SILVER",6650,
110,laptop,HP 14-EM0018AU,HP,"R5 7530/8GB/512/W11+OHS21/14""FHD/BL/SILVER",7595,
111,laptop,HP 14-EM0019AU,HP,"R5 7530/8GB/512/W11+OHS21/14""FHD/BL/GOLD",7645,
112,laptop,HP 14-EM0167AU,HP,"R7 7730/16GB/512/W11+OHS21/14""FHD/BL/GOLD",10545,
113,laptop,HP 14-EM0168AU,HP,"R7 7730/16GB/512/W11+OHS21/14""FHD/BL/SILVER",10545,
114,laptop,HP 14-DQ3133TU 4GB,HP,"N4500/4GB/512/W11+OHS21/14""FHD/BL/SILVER",4845,
115,laptop,HP 14-DQ3133TU 8GB,HP,"N4500/8GB/512/W11+OHS21/14""FHD/BL/SILVER",5045,
116,laptop,HP 14-DQ3134TU,HP,"N4500/4GB/512/W11+OHS21/14""FHD/BL/GOLD",4845,
117,laptop,HP 14-DQ3135TU,HP,"N4500/4GB/512/W11+OHS21/14""FHD/BL/WHITE",4845,
118,laptop,HP 14-DQ3888TU,HP,"N4500/8GB/512/W11+OHS21/14""FHD/BL/SILVER",5045,
119,laptop,HP 14-DQ5115TU 4GB,HP,"I3 1215U/4GB/512/W11+OHS21/14""FHD IPS/BL/SILVER",5790,
120,laptop,HP 14-DQ5115TU 8GB,HP,"I3 1215U/8GB/512/W11+OHS21/14""FHD IPS/BL/SILVER",6020,
121,laptop,HP 14-DQ5127TU,HP,"I3 1215U/8GB/512/W11+OHS21/14""FHD IPS/BL/SILVER",6095,
122,laptop,HP 14-EP0555TU,HP,"I3 1215U/8GB/512/W11+OHS21/14""FHD/BL/MOUSE Z3700/SILVER",6645,
123,laptop,HP 14-DQ5153TU,HP,"I5 1235U/8GB/256/W11+OHS21/14""FHD IPS/BL/SILVER",7695,
124,laptop,HP 14-DQ5227TU,HP,"I5 1235U/8GB/512/W11+OHS21/14""FHD IPS/BL/SILVER",8095,
125,laptop,HP 14-DQ5156TU,HP,"I5 1235U/16GB/512/W11+OHS21/14"" FHD/BL/SILVER",8495,
126,laptop,HP 14-EP0001TU,HP,"I5 1335U/8GB/512/W11+OHS21/14""FHD IPS/BL/SILVER",8495,
127,laptop,HP 14-EP0002TU,HP,"I5 1335U/8GB/512/W11+OHS21/14""FHD IPS/BL/BLUE",8495,
128,laptop,HP 15-FD0031TX VGA,HP,"I5 1334U/8GB/512/MX507A 2GB/W11+OHS21/15.6""FHD/BL/SILVER",11440,
129,laptop,HP 15-FD0032TX VGA,HP,"I5 1334U/8GB/512/MX507A 2GB/W11+OHS21/15.6""FHD/BL/BLUE",11390,
130,laptop,HP 14-DQ5155TU,HP,"I7 1255U/8GB/512/W11+OHS21/14""FHD IPS/BL/FP/SILVER",10445,
131,laptop,HP 14-DQ5154TU,HP,"I7 1255U/16GB/512/W11+OHS21/14""FHD IPS/BL/SILVER",10845,
132,laptop,HP 14-EP0018TU,HP,"I7 1355U/16GB/512/W11+OHS21/14""FHD IPS/BL/BLUE",12245,
133,laptop,HP 14-EP0019TU,HP,"I7 1355U/16GB/512/W11+OHS21/14""FHD IPS/BL/SILVER",12345,
134,laptop,HP 14-EP0022TU,HP,"I7 1360P/16GB/512/W11+OHS21/14""FHD IPS/BL/FP/SILVER",12545,
135,laptop,HP 15-FD1555TU,HP,"Intel Core Ultra 7 155H/16GB/512/W11+OHS21/15.6""FHD IPS/BL/NUMPAD/BLUE",12740,
136,laptop,HP 15-FD1777TU,HP,"Intel Core Ultra 7 155H/16GB/512/W11+OHS21/15.6""FHD IPS/BL/NUMPAD/SILVER",12740,
137,laptop,HP 15-FD0888TX VGA,HP,"I7 1355U/16GB/512/MX570A 2GB/W11+OHS21/15.6""FHD IPS/BL/BLUE",13795,
138,laptop,HP 15-FD0999TX VGA,HP,"I7 1355U/16GB/512/MX570A 2GB/W11+OHS21/15.6""FHD IPS/BL/SILVER",13695,
139,laptop,HP Pavilion Aero 13-BG0111AU 999 GRAM,HP,"R5 8640U/16GB/512/W11+OHS21/13.3""WUXGA IPS/BL/SILVER",13095,
140,laptop,HP Pavilion Aero 13-BG0222AU  999 GRAM,HP,"R5 8640U/16GB/512/W11+OHS21/13.3""WUXGA IPS/BL/BLUE",13095,
141,laptop,HP Pavilion Aero 13-BG0777AU  999 GRAM,HP,"R7 8840U/16GB/SSD 1TB/W11+OHS21/13.3""WUXGA IPS/BL/SILVER",14295,
142,laptop,HP Pavilion Aero 13-BG0888AU  999 GRAM,HP,"R7 8840U/16GB/SSD 1TB/W11+OHS21/13.3""WUXGA IPS/BL/BLUE",14295,
143,laptop,HP Pavilion PLUS 14-EY0016AU,HP,"R5 7540/16GB/512 GB/W11+OHS21/14"" WUXGA IPS/BL/FP/SILVER",10690,
144,laptop,HP Pavilion PLUS 14-EY0017AU,HP,"R5 7540/16GB/512 GB/W11+OHS21/14"" WUXGA IPS/BL/FP/BLUE",10690,
145,laptop,HP Pavilion PLUS 14-EY1777AU,HP,"R7 8845HS/16GB/SSD 1TB/W11+OHS21/14"" 2.8K OLED/BL/SILVER",14845,
146,laptop,HP Pavilion PLUS 14-EY1888AU,HP,"R7 8845HS/16GB/SSD 1TB/W11+OHS21/14"" 2.8K OLED/BL/BLUE",14845,
147,laptop,HP Pavilion PLUS 14-EW0021TU,HP,"I5 1335U EVO/16GB/512/W11+OHS21/14""WUXGA IPS/BL/BLUE",11345,
148,laptop,HP Pavilion PLUS 14-EW0077TU,HP,"I5 1335U EVO/16GB/512/W11+OHS21/14""WQXGA IPS/BL/SILVER",12245,
149,laptop,HP Pavilion PLUS 14-EW0078TU,HP,"I5 1335U EVO/16GB/512/W11+OHS21/14""WQXGA IPS/BL/BLUE",12245,
150,laptop,HP Pavilion PLUS 14-EW0079TU,HP,"I5 1335U EVO/16GB/512/W11+OHS21/14""WQXGA IPS/BL/PINK",12245,
151,laptop,HP Pavilion PLUS 14-EW1002TU,HP,"Intel Core Ultra 5 125H EVO/16GB/SSD 1TB/W11+OHS21/14""2.8K OLED/SILVER",14545,
152,laptop,HP Pavilion PLUS 14-EW1003TU,HP,"Intel Core Ultra 5 125H EVO/16GB/SSD 1TB/W11+OHS21/14""2.8K OLED/BLUE",14545,
153,laptop,HP Pavilion PLUS 14-EW0080TU OLED,HP,"I7 1355U EVO/16GB/SSD 1TB/W11+OHS21/14""2.8K OLED/BL/SILVER",15895,
154,laptop,HP Pavilion PLUS 14-EW0081TU OLED,HP,"I7 1355U EVO/16GB/SSD 1TB/W11+OHS21/14""2.8K OLED/BL/BLUE",15895,
155,laptop,HP Pavilion PLUS 14-EW0082TU OLED,HP,"I7 1355U EVO/16GB/SSD 1TB/W11+OHS21/14""2.8K OLED/BL/PINK",15895,
156,laptop,HP Pavilion PLUS 14-EW1005TU,HP,"Intel Core Ultra 7 155H EVO/32GB/SSD 1TB/W11+OHS21/14""2.8K OLED/SILVER",18845,
157,laptop,HP Pavilion PLUS 14-EW1006TU,HP,"Intel Core Ultra 7 155H EVO/32GB/SSD 1TB/W11+OHS21/14""2.8K OLED/BLUE",18845,
158,laptop,HP Pavilion X360-EK2051TU,HP,"I3 100U/8GB/512/W11+OHS21/14""FHD IPS/FLIP/TOUCH/PEN/BL/BLUE",9695,
159,laptop,HP Pavilion X360-EK2123TU,HP,"I3 100U/8GB/512/W11+OHS21/14""FHD IPS/FLIP/TOUCH/PEN/BL/SILVER",9695,
160,laptop,HP Pavilion X360-EK2111TU,HP,"Intel Core 5 120U/16GB/512/W11+OHS21/14""FHD IPS/FLIP/TOUCH/PEN/BL/SILVER",13490,
161,laptop,HP Pavilion X360-EK2222TU,HP,"Intel Core 5 120U/16GB/512/W11+OHS21/14""FHD IPS/FLIP/TOUCH/PEN/BL/ROSE GOLD",13490,
162,laptop,HP Pavilion X360-EK2333TU,HP,"Intel Core 5 120U/16GB/512/W11+OHS21/14""FHD IPS/FLIP/TOUCH/PEN/BL/SPACE BLUE",13290,
163,laptop,HP Pavilion X360-EK2555TU,HP,"Intel Core 7 150U/16GB/512/W11+OHS21/14""FHD IPS/FLIP/TOUCH/PEN/BL/SPACE BLUE",14745,
164,laptop,HP Pavilion X360-EK2777TU,HP,"Intel Core 7 150U/16GB/512/W11+OHS21/14""FHD IPS/FLIP/TOUCH/PEN/BL/SILVER",14995,
165,laptop,HP Pavilion 16-AF0777TU,HP,"Intel Core Ultra 5 125U/16GB/SSD 1TB/W11+OHS21/16""WUXGA IPS/TOUCH/BL/SILVER",13345,
166,laptop,HP Pavilion 16-AF0888TX,HP,"Intel Core Ultra 7 155U/32GB/SSD 1TB/GFORCE MX570A 4GB/W11+OHS21/16""WUXGA IPS/TOUCH/BL/SILVER",17645,
167,laptop,HP Victus Gaming 15-FA1666TX,HP,"I5 12450H/8GB/512/RTX2050 4GB/W11+OHS21/15.6""FHD IPS/BL/NUMPAD/MICA SILVER",10345,
168,laptop,HP Victus Gaming 15-FA1788TX,HP,"I5 13420H/8GB/512/RTX3050 6GB/W11+OHS21/15.6""FHD IPS/BL/NUMPAD/MICA SILVER",12195,
169,laptop,HP Victus Gaming 15-R0889TX,HP,"I5 13500H/16GB/512/RTX4050 6GB/W11+OHS21/16.1""FHD IPS/1-ZONE RGB BL/NUMPAD/MICA SILVER",14995,
170,laptop,HP Victus Gaming 16-R1206TX,HP,"I5 14450HX/16GB/512/RTX4060 8GB/W11+OHS21/16.1""FHD IPS/BL/NUMPAD/MICA SILVER",17995,
171,laptop,HP Victus Gaming 16-R1207TX,HP,"I5 14450HX/16GB/512/RTX4060 8GB/W11+OHS21/16.1""FHD IPS/BL/NUMPAD/PERFORMANCE BLUE",17995,
172,laptop,HP Victus Gaming 16-R0888TX,HP,"I7 13700HX/16GB/SSD 1TB/RTX4060 8GB/W11+OHS21/16.1""FHD IPS/1-ZONE RGB BL/NUMPAD/MICA SILVER",20545,
173,laptop,HP Victus Gaming 16-R0777TX,HP,"I7 13700HX/16GB/SSD 1TB/RTX4060 8GB/W11+OHS21/16.1""FHD IPS/100%sRGB/1-ZONE RGB BL/NUMPAD/MICA SILVER",20545,
174,laptop,HP Victus Gaming 16-R1211TX,HP,"I7 14650HX/16GB/SSD 1TB/RTX4060 8GB/W11+OHS21/16.1""FHD IPS/BL/PERFORMANCE BLUE",21195,
175,laptop,HP Victus Gaming 16-R1218TX,HP,"I7 14650HX/16GB/SSD 1TB/RTX4070 8GB/W11+OHS21/16.1""FHD IPS/BL/MICA SILVER",24340,
176,laptop,HP Victus Gaming 15-FB1887AX,HP,"R5 7535HS/8GB/512/RTX2050 4GB/W11+OHS21/15.6""FHD/BL/NUMPAD/WHITE",9945,
177,laptop,HP Victus Gaming 15-FB1888AX,HP,"R5 7535HS/8GB/512/RTX2050 4GB/W11+OHS21/15.6""FHD/BL/NUMPAD/SILVER",9945,
178,laptop,HP Victus Gaming 15-FB2777AX,HP,"R5 8645HS/8GB/512/RTX3050 6GB/W11+OHS21/15.6""FHD IPS/BL/NUMPAD/MICA SILVER",12195,
179,laptop,HP Victus Gaming 15-FB2666AX,HP,"R5 8645HS/8GB/512/RTX4050 6GB/W11+OHS21/15.6""FHD IPS/BL/NUMPAD/MICA SILVER",14195,
180,laptop,HP Victus Gaming 15-FB2667AX,HP,"R5 8645HS/8GB/512/RTX4050 6GB/W11+OHS21/15.6""FHD IPS/BL/NUMPAD/PERFORMANCE BLUE",14195,
181,laptop,HP Victus Gaming 15-FB2997AX,HP,"R5 8645HS/16GB/512/RTX4060 8GB/W11+OHS21/15.6""FHD IPS/BL/NUMPAD/PERFORMANCE BLUE",15595,
182,laptop,HP Victus Gaming 15-FB2999AX,HP,"R5 8645HS/16GB/512/RTX4060 8GB/W11+OHS21/15.6""FHD IPS/BL/NUMPAD/MICA SILVER",15595,
183,laptop,HP Victus Gaming 16-S1111AX,HP,"R5 8645HS/16GB/SSD 1TB/RTX4060 8GB/W11+OHS21/16.1""FHD IPS/BL/NUMPAD/MICA SILVER",16595,
184,laptop,HP Victus Gaming 15-FB2555AX,HP,"R7 8845HS/8GB/512/RTX4050 6GB/W11+OHS21/15.6""FHD IPS/BL/NUMPAD/MICA SILVER",15795,
185,laptop,HP Victus Gaming 15-FB2556AX,HP,"R7 8845HS/8GB/512/RTX4050 6GB/W11+OHS21/15.6""FHD IPS/BL/NUMPAD/PERFORMANCE BLUE",15795,
186,laptop,HP Victus Gaming 15-FB2557AX,HP,"R7 8845HS/8GB/512/RTX4050 6GB/W11+OHS21/15.6""FHD IPS/BL/NUMPAD/CERAMIC WHITE",15695,
187,laptop,HP Victus Gaming 15-FB2111AX,HP,"R7 8845HS/16GB/512/RTX4060 8GB/W11+OHS21/15.6""FHD IPS/BL/NUMPAD/MICA SILVER",16640,
188,laptop,HP Victus Gaming 15-FB2112AX,HP,"R7 8845HS/16GB/512/RTX4060 8GB/W11+OHS21/15.6""FHD IPS/BL/NUMPAD/PERFORMANCE BLUE",16640,
189,laptop,HP Victus Gaming 16-S1777AX,HP,"R7 8845HS/16GB/SSD 1TB/RTX4070 8GB/W11+OHS21/16.1""FHD IPS/100%sRGB/1-ZONE RGB BL/SILVER",23445,
190,laptop,HP Envy X360 14-FC0555TU,HP,"Intel Core Ultra 5 125U/16GB/512/W11+OHS21/14"" 2.8K OLED/FLIP/TOUCH/PEN/BL/SILVER",16795,
191,laptop,HP Envy X360 14-FC0777TU,HP,"Intel Core Ultra 7 155U/16GB/SSD 1TB/W11+OHS21/14""2.8K OLED/FLIP/TOUCH/PEN/BL/SILVER",19495,
192,laptop,HP Envy X360 14-FC0888TU,HP,"Intel Core Ultra 7 155U/16GB/SSD 1TB/W11+OHS21/14""2.8K OLED/FLIP/TOUCH/PEN/BL/BLUE",19495,
193,laptop,HP Envy X360 14-FA0888AU R7,HP,"R7 8840HS/32GB/SSD 1TB/W11+OHS21/14"" 2.8K OLED/FLIP/TOUCH/PEN/BL/SILVER",20695,
194,laptop,HP Spectre X360-EU0069TU,HP,"Intel Core Ultra 7 155H/32GB/SSD 2TB/W11+OHS21/14"" 2.8K O.ED/FLIP/TOUCH/PEN/BLUE",28495,
195,laptop,HP Spectre X360-EU0070TU,HP,"Intel Core Ultra 7 155H/32GB/SSD 2TB/W11+OHS21/14"" 2.8K O.ED/FLIP/TOUCH/PEN/BLACK",28495,
196,komputer,"PC S500TE-382000003W + LED 21.5"" C2223HE",Asus,I3 13100/8GB/SSD 256/W11/2Y/BLACK,7990,
197,komputer,"PC S500TE-382000002W + LED 21.5"" C2223HE",Asus,I3 13100/8GB/SSD 256/W11/2Y/BLACK,7990,
198,komputer,"PC S501MER-385000003W + LED 21.5"" C2223HE",Asus,I3 13100/8GB/SSD 512/W11/2Y/BLACK,8195,
199,komputer,"PC S501MER-585000003W + LED 21.5"" C2223HE",Asus,I5 13500/8GB/SSD 512/W11/2Y/BLACK,9595,
200,komputer,"PC S501MER-785000005W + LED 21.5"" C2223HE",Asus,I7 13700/8GB/SSD 512/W11/2Y/BLACK,12400,
201,komputer,AIO E1600WKAT-BD182WF TOUCH 3Y,Asus,"N4500/8GB/256/W11/15.6""FHD/TOUCH/3Y/BLACK",6090,
202,komputer,AIO A3202WBAK-WPB182W,Asus,"INTEL 7305/8GB/256/W11/21.5""FHD/2Y/WHITE",5590,
203,komputer,AIO A3202WBAK-WPB382W,Asus,"I3 1215/8GB/256/W11/21.5""FHD/2Y/WHITE",6740,
204,komputer,AIO A3202WBAK-WPB385W,Asus,"I3 1215/8GB/512/W11/21.5""FHD/2Y/WHITE",7045,
205,komputer,AIO A3202WVAK-WPB385WS,Asus,"I3 1315/8GB/512/W11+OHS21/21.5""FHD/2Y/WHITE",7995,
206,komputer,AIO A3402WVAK-WPC385WS,Asus,"I3 1315/8GB/512/W11/23.8""FHD/2Y/WHITE",8195,
207,komputer,AIO A3202WBAK-WPB585W,Asus,"I5 1235/8GB/512/W11/21.5""FHD/2Y/WHITE",9640,
208,komputer,AIO A3402WBAK-WPC515WS,Asus,"I5 1235/16GB/512/W11+OHS21/23.8""FHD/100%sRGB/2Y/WHITE",10800,
209,komputer,AIO A3402WVAK-WPC515WS,Asus,"I5 1335/16GB/512/W11+OHS21/23.8""FHD/2Y/WHITE",11395,
210,komputer,AIO E3202WVAK-BPB585WS 3Y,Asus,"I5 1335/8GB/512/W11+OHS21+O365/21.5""FHD/3Y/BLACK",10350,
211,komputer,AIO E3402WVAK-BPC585WS 3Y,Asus,"I5 1335/8GB/512/W11+OHS21/23.8""FHD/3Y/BLACK",10700,
212,komputer,AIO E3402WVAK-BPC785WS 3Y,Asus,"I7 1355/8GB/512/W11+OHS21+O365/23.8""FHD/3Y/BLACK",13550,
213,komputer,AIO M3402WFAK-WPC385WS,Asus,"R3 7320/8GB/512/W11+OHS21/23.8""FHD/2Y/WHITE",7145,
214,laptop,ZEN UX3405MA-OLEDS512M,Asus,"Intel Core Ultra 5 125H/16GB/SSD 1TB/W11+OHS (M365 1Y)/14"" 3K OLED/BL/FOGGY SILVER",15445,
215,laptop,ZEN UX3405MA-OLEDS713,Asus,"Intel Core Ultra 7 155H/32GB/SSD 1TB/W11+OHS21/14"" 3K OLED/BL/PONDER BLUE",18495,
216,laptop,ZEN UX3405MA-OLEDS714,Asus,"Intel Core Ultra 7 155H/32GB/SSD 1TB/W11+OHS21/14"" 3K OLED/BL/FOGGY SILVER",18495,
217,laptop,ZEN UX3405MA-OLEDS714TM TOUCH,Asus,"Intel Core Ultra 7 155H/32GB/SSD 1TB/W11+OHS (M365 1Y)/14"" 3K OLED/TOUCH/BL/NUMPAD/SILVER",20945,
218,laptop,ZEN S UX5304MA-OLEDS711 ONLY 1KG + 1CM,Asus,"Intel Core Ultra 7 155U/32GB/SSD 1TB/W11+OHS21/13.3"" 3K OLED/BL/1.1mm KEY-TRAVEL/PRECISION TOUCHPAD With COPILOT KEY/PONDER BLUE",22740,
219,laptop,ZEN S UX5304MA-OLEDS712 ONLY 1KG + 1CM,Asus,"Intel Core Ultra 7 155U/32GB/SSD 1TB/W11+OHS21/13.3"" 3K OLED/BL/1.1mm KEY-TRAVEL/PRECISION TOUCHPAD With COPILOT KEY/BASALT GREY",22740,
220,laptop,ZEN S14 UX5406SA-OLEDS711TM TOUCH,Asus,"Intel Core Ultra 7 258V/32GB/SSD 1TB/W11+OHS (M365 1Y)/14"" 3K OLED/TOUCH/BL/GREY",25995,
221,laptop,ZEN DUO UX8406MA-OLEDS711,Asus,"Intel Core Ultra 7 155H/16GB/SSD 1TB/W11+OHS21/14"" 3K OLED/TOUCH/SOFT KEYBOARD/INKWELL GREY",29695,
222,laptop,ZEN DUO UX8406MA-OLEDS921,Asus,"Intel Core Ultra 9 185H/32GB/SSD 2TB/W11+OHS21/14"" 3K OLED/TOUCH/INKWELL GREY",33795,
223,laptop,ZEN UM3406HA-OLED753,Asus,"R7 8840HS/16GB/512/W11+OHS21/14""WUXGA OLED/BL/NUMPAD WITH COPILOT KEY/BLACK",14595,
224,laptop,T3304GA-OLED321 LEPASAN,Asus,"I3 N300/8GB/256/W11+OHS21/13.3""FHD OLED/FP/TOUCH/LEPASAN/PEN/BLACK",11395,
225,laptop,TP3402VA-OLEDS553T,Asus,"I5 13500H/16GB/512/W11+OHS21/14""OLED 2.8K/FLIP/TOUCH/PEN/BL/FP/QUIET BLUE",14345,
226,laptop,TP3402VA-OLEDS554T,Asus,"I5 13500H/16GB/512/W11+OHS21/14""OLED 2.8K/FLIP/TOUCH/PEN/BL/FP/COOL SILVER",14345,
227,laptop,TP3402VA-OLEDS751,Asus,"I7 13700H/16GB/512/W11+OHS21/14""2.8K OLED/FLIP/TOUCH/PEN/BL/FP/QUIET BLUE",16240,
228,laptop,TP3402VA-OLEDS752,Asus,"I7 13700H/16GB/512/W11+OHS21/14"" 2.8K OLED/FLIP/TOUCH/PEN/BL/FP/COOL SILVER",16240,
229,laptop,TN3402YA-VIPS557,Asus,"R5 7430U/16GB/512/W11+OHS21/14""WUXGA IPS/FLIP/TOUCH/BL/FP/SILVER",11345,
230,laptop,TN3402YA-VIPS558,Asus,"R5 7430U/16GB/512/W11+OHS21/14""WUXGA IPS/FLIP/TOUCH/BL/FP/BLUE",11345,
231,laptop,E210KA-FHD415M,Asus,"N4050/8GB/128 eMMC/W11+OHS21+O365/11.6""/1Y/PEACOCK BLUE/SLEEVE INBOX",3850,
232,laptop,E210KA-FHD417M,Asus,"N4050/8GB/128 eMMC/W11+OHS21+O365/11.6""/1Y/BLACK/SLEEVE INBOX",3850,
233,laptop,E410KA-FHD425 4GB,Asus,"N4500/4GB/256/W11+OHS21/14""FHD/BL/NUMPAD/STAR BLACK",4355,
234,laptop,E410KA-FHD426,Asus,"N4500/8GB/256/W11+OHS21/14""FHD/BL/NUMPAD/BLUE",4630,
235,laptop,E410KA-FHD429,Asus,"N4500/8GB/256/W11+OHS21/14""FHD/BL/NUMPAD/BLACK",4630,
236,laptop,E410KA-FHD429M,Asus,"N4500/8GB/256/W11+OHS21+O365/14""FHD/BL/NUMPAD/BLACK",4630,
237,laptop,E410KA-FHD454,Asus,"N4500/8GB/256/W11+OHS21+O365/14""FHD/BL/NUMPAD/BLACK",4990,
238,laptop,E410KA-FHD455,Asus,"N4500/8GB/512/W11+OHS21/14""FHD/BL/NUMPAD/BLUE",4990,
239,laptop,E410KA-FHD456M ROSE PINK,Asus,"N4500/8GB/512/W11+OHS21/14""FHD/BL/NUMPAD/ROSE PINK",5050,
240,laptop,A1400KA-FHD421,Asus,"N4500/4GB/256/W11+OHS21/14""FHD/BL/FP/BLACK",4390,
241,laptop,A1400KA-FHD423,Asus,"N4500/8GB/256/W11+OHS21/14""FHD/BL/FP/BLACK",4620,
242,laptop,A1400KA-FHD4510,Asus,"N4500/4GB/512/W11+OHS21/14""FHD/BL/FP/SILVER",4740,
243,laptop,A1400KA-FHD4512,Asus,"N4500/8GB/512/W11+OHS21/14""FHD/BL/FP/BLACK",4890,
244,laptop,E1404GA-FHD321M,Asus,"I3 N305 8 CORE/8GB/256/W11+OHS21+O365/14""FHD/BL/FP/BLACK",5770,
245,laptop,E1404GA-FHD322M,Asus,"I3 N305 8 CORE/8GB/256/W11+OHS21+O365/14""FHD/BL/FP/GREEN GREY",5770,
246,laptop,E1404GA-FHD323M,Asus,"I3 N305 8 CORE/8GB/256/W11+OHS21+O365/14""FHD/BL/FP/SILVER",5770,
247,laptop,E1404GA-FHD354 + TAS,Asus,"I3 N305 8 CORE/8GB/512/W11+OHS21/14""FHD/BL/FP/BLACK/TAS OUTBOX",5845,
248,laptop,E1404GA-FHD351,Asus,"I3 N305 8 CORE/8GB/512/W11+OHS21/14""FHD/BL/FP/BLACK",5945,
249,laptop,E1404GA-FHD352M,Asus,"I3 N305 8 CORE/8GB/512/W11+OHS21+O365/14""FHD/BL/GREEN GREY",5945,
250,laptop,E1404GA-FHD353,Asus,"I3 N305 8 CORE/8GB/512/W11+OHS21/14""FHD/BL/FP/SILVER",5945,
251,laptop,A1404VA-VIPS351M,Asus,"I3 1315U/8GB/512/W11+OHS21+O365/14""FHD/BL/FP/QUIET BLUE",7245,
252,laptop,A1404VA-VIPS352M,Asus,"I3 1315U/8GB/512/W11+OHS21+O365/14""FHD/BL/FP/SILVER",7245,
253,laptop,A1404ZA-VIPS551,Asus,"I5 1235U/8GB/512/W11+OHS21/14""FHD IPS/BL/FP/QUIET BLUE",7920,
254,laptop,A1404ZA-VIPS553,Asus,"I5 1235U/8GB/512/W11+OHS21/14""FHD IPS/BL/FP/SILVER",7920,
255,laptop,A1404ZA-VIPS552M,Asus,"I5 1235U/8GB/512/W11+OHS21+O365/14""FHD/BL/FP/TERRA COTTA",7920,
256,laptop,A1404ZA-VIPS553M,Asus,"I5 1235U/8GB/512/W11+OHS21+O365/14""FHD/BL/FP/SILVER",7920,
257,laptop,A1404ZA-VIPS557M,Asus,"I5 1235/16GB/512/W11+OHS21+O365/14""FHD IPS/BL/FP/QUIET BLUE",8320,
258,laptop,A1404ZA-VIPS558M,Asus,"I5 1235/16GB/512/W11+OHS21+O365/14""FHD IPS/BL/FP/SILVER",8320,
259,laptop,A1404ZA-VIPS559M,Asus,"I5 1235/16GB/512/W11+OHS21+O365/14""FHD IPS/BL/FP/TERRA COTTA",8320,
260,laptop,A1404VA-VIPS551,Asus,"I5 1335U/8GB/512/W11+OHS21/14""FHD IPS/BL/FP/QUIET BLUE",8720,
261,laptop,A1404VA-VIPS552,Asus,"I5 1335U/8GB/512/W11+OHS21/14""FHD IPS/BL/FP/SILVER",8720,
262,laptop,A1504VAP-VIPS5504M TOUCH,Asus,"I5 120U/16GB/512/W11+OHS21+O365/15.6""FHD IPS/TOUCH/BL/FP/QUIET BLUE",10195,
263,laptop,K3605ZF-VIPS551,Asus,"I5 12500H/8GB/512/RTX2050 4GB/W11+OHS21/16""WUXGA IPS/BL/FP/NUMPAD/BLACK",9745,
264,laptop,A1404VA-VIPS751,Asus,"I7 1355U/8GB/512/W11+OHS21/14""FHD IPS/BL/FP/QUIET BLUE",10845,
265,laptop,A1405VA-VIPS752,Asus,"I7 1355U/8GB/512/W11+OHS21/14""WUXGA IPS/BL/FP/SILVER",11595,
266,laptop,A1404VA-VIPS711,Asus,"I7 1355U/16GB/SSD 1TB/W11+OHS21/14""FHD IPS/BL/FP/QUIET BLUE",11995,
267,laptop,A1404VA-VIPS712,Asus,"I7 1355U/16GB/SSD 1TB/W11+OHS21/14""FHD IPS/BL/FP/SILVER",11995,
268,laptop,A1504VAP-VIPS7101,Asus,"Intel Core 7 150U/16GB/SSD 1TB/W11+OHS21/15.6""FHD V-IPS/QUIET BLUE",12295,
269,laptop,S5406MA-OLED713,Asus,"Intel Core Ultra 7 155H/16GB/SSD 1TB/W11+OHS21/14""WUXGA OLED/1-ZONE RGB BL/WITH COPILOT KEY/NEUTRAL BLACK",14990,
270,laptop,S5406MA-OLED714,Asus,"Intel Core Ultra 7 155H/16GB/SSD 1TB/W11+OHS21/14""WUXGA OLED/1-ZONE RGB BL/WITH COPILOT KEY/MIST BLUE",14990,
271,laptop,E1404FA-FHD321,Asus,"R3 7320/8GB/256/W11+OHS21/14""FHD/BL/FP/BLACK",5745,
272,laptop,E1404FA-FHD323M,Asus,"R3 7320/8GB/256/W11+OHS21+O365/14""FHD/BL/FP/SILVER",5795,
273,laptop,E1404FA-FHD351,Asus,"R3 7320/8GB/512/W11+OHS21/14""FHD/BL/FP/BLACK",6145,
274,laptop,E1404FA-FHD352,Asus,"R3 7320/8GB/512/W11+OHS21/14""FHD/BL/FP/SILVER",6145,
275,laptop,E1404FA-FHD353M,Asus,"R3 7320/8GB/512/W11+OHS21+O365/14""FHD/BL/FP/GREEN GREY",6145,
276,laptop,E1504FA-OLED351,Asus,"R3 7320/8GB/512/W11+OHS21/15.6""OLED/BL/FP/SILVER",7240,
277,laptop,E1504FA-OLED352,Asus,"R3 7320/8GB/512/W11+OHS21/15.6""OLED/BL/FP/BLACK",7240,
278,laptop,E1504FA-OLED352M,Asus,"R3 7320/8GB/512/W11+OHS21+O365/15.6""OLED/BL/FP/BLACK",7240,
279,laptop,E1404FA-VIPS558,Asus,"R5 7520/8GB/512/W11+OHS21/14""FHD IPS/BL/FP/BLACK",7645,
280,laptop,E1404FA-VIPS559,Asus,"R5 7520/8GB/512/W11+OHS21/14""FHD IPS/BL/FP/SILVER",7645,
281,laptop,E1404FA-VIPS552,Asus,"R5 7520/16GB/512/W11+OHS21/14""FHD IPS/BL/FP/BLACK",8390,
282,laptop,E1404FA-VIPS553,Asus,"R5 7520/16GB/512/W11+OHS21/14""FHD IPS/BL/FP/GREEN GREY",8390,
283,laptop,E1404FA-VIPS554,Asus,"R5 7520/16GB/512/W11+OHS21/14""FHD IPS/BL/FP/SILVER",8390,
284,laptop,E1404FA-VIPS553M,Asus,"R5 7520/16GB/512/W11+OHS21+O365/14""FHD IPS/BL/FP/GREEN GREY",8390,
285,laptop,E1504FA-OLED553,Asus,"R5 7520/16GB/512/W11+OHS21/15.6""FHD OLED/BL/FP/SILVER",9195,
286,laptop,E1504FA-OLED553M,Asus,"R5 7520/16GB/512/W11+OHS21+O365/15.6""FHD OLED/BL/FP/SILVER",9195,
287,laptop,M1405YA-VIPS554,Asus,"R5 7430/16GB/512/W11+OHS21/14""WUXGA IPS/BL/FP/BLACK",8690,
288,laptop,M1405YA-VIPS555,Asus,"R5 7430/16GB/512/W11+OHS21/14""WUXGA IPS/BL/FP/SILVER",8690,
289,laptop,M5406NA-OLED552,Asus,"R5 7535HS/16GB/512/W11+OHS21/14""WUXGA OLED/1-ZONE RGB BL/WITH COPILOT KEY/NEUTRAL BLACK",10790,
290,laptop,M1405YA-VIPS751,Asus,"R7 7730/16GB/512/W11+OHS21/14""WUXGA IPS/BL/FP/SILVER",9795,
291,laptop,M1405YA-VIPS752,Asus,,9795,
292,laptop,M1405YA-OLEDS711,Asus,"R7 7730/16GB/SSD 1TB/W11+OHS21/14""2.8K OLED/BL/FP/INDIE BLACK",11845,
293,laptop,M1405YA-OLEDS713,Asus,"R7 7730/16GB/SSD 1TB/W11+OHS21/14""2.8K OLED/BL/FP/SILVER",11845,
294,laptop,M5406UA-OLED752,Asus,"R7 8845HS/16GB/512/W11+OHS21/14""WUXGA OLED/1-ZONE RGB BL WITH COPILOT KEY/BLACK",13195,
295,laptop,S5507QA-OLEDSP11M,Asus,"Snapdragon X Plus X1P/16GB/SSD 1TB/W11+OHS21+M365 1Y/15.6""3K OLED/1-ZONE RGB BL/COPILOT KEY/NUMPAD/SILVER",16995,
296,laptop,PRO ART HT5306QA-OLEDSP11M MODEL LEPASAN,Asus,"Snapdragon X Plus X1P42100/16GB/SSD 1TB/W11+OHS21+M365 1Y/13.3"" WQXGA+ OLED/TOUCH/PEN/BLACK",24795,
297,laptop,PRO ART HN7306WU-OLEDS911M,Asus,"Ryzen AI 9 365/24GB/SSD 1TB/RTX4050 6GB/W11+OHS21+M365 1Y/13.3"" 3K OLED/TOUCH/FLIP/PEN/BL/COPILOT KEY/NANO BLACK",30000,
298,laptop,TUF FA506NF-R525B6T-OM,Asus,"R5 7535HS/8GB/512/RTX2050 4GB/W11+OHS21+M365 1Y/15.6""FHD IPS/BL 1-ZONE RGB/GRAPHITE BLACK",9370,
299,laptop,TUF FA506NC-R535B6T-OM,Asus,"R5 7535HS/8GB/512/RTX3050 4GB/W11+OHS21+M365 1Y/15.6""FHD IPS/BL 1-ZONE RGB/BLACK",10790,
300,laptop,TUF FA507NU-R545K6M-OM,Asus,"R5 7535HS/16GB/512/RTX4050 6GB/W11+OHS21+M365 1Y/15.6""FHD IPS/100%sRGB/1 ZONE RGB BL/MECHA GREY",14445,
301,laptop,TUF FA506NFR-R725B1T-OM,Asus,"R7 7435HS/8GB/512/RTX2050 4GB/W11+OHS21+M365 1Y/15.6""FHD IPS/1-ZONE RGB BL/BLACK",10890,
302,laptop,TUF FA506NFR-R725B6T-OM 16GB,Asus,"R7 7435HS/16GB/512/RTX2050 4GB/W11+OHS21+M365 1Y/15.6""FHD IPS/1-ZONE RGB BL/GRAPHITE BLACK",10845,
303,laptop,TUF FA506NCR-R735B1T-OM,Asus,"R7 7435HS/8GB/512/RTX3050 4GB/W11+OHS21+M365 1Y/15.6""'FHD IPS/1-ZONE RGB BL/BLACK",11595,
304,laptop,TUF FA506NCR-R735B6T-OM 16GB,Asus,"R7 7435HS/16GB/512/RTX3050 4GB/W11+OHS21+M365 1Y/15.6""FHD IPS/RGB BL/BLACK",11595,
305,laptop,TUF FA507NUR-R745K6M-O,Asus,"R7 7435HS/16GB/512/RTX4050 6GB/W11+OHS21/15.6""FHD IPS/100%sRGB/BL 1-ZONE RGB/MECHA GREY",15495,
306,laptop,TUF FA401UU-R745G6G-OM,Asus,"R7 8845HS/16GB/512/RTX4050 6GB/W11+OHS+M365 1Y/14""QHD/100%sRGB/BL/JAEGAR GREY",21390,
307,laptop,TUF FA507UI-R947K9M-OM,Asus,"R9 8945H/16GB/SSD 1TB/RTX4070 8GB/W11+OHS21+M365 1Y/15.6""FHD IPS/100%sRGB/1-ZONE RGB BL/MECHA GREY",23995,
308,laptop,TUF FX507ZC4-I535B1M-O,Asus,"I5 12500H/8GB/512/RTX3050 4GB/W11+OHS21/15.6""FHD IPS/1-ZONE RGB BL/MECHA GREY",12345,
309,laptop,ROG GA403UU-R745OL6G-OM Zephyrus G14,Asus,"R7 8845HS/16GB/SSD 1TB/RTX4050 6GB/W11+OHS+M365 1Y/14"" 3K OLED/1-ZONE RGB BL/ECLIPSE GREY",29450,
310,laptop,ROG G614JU-I745J8G-OM  STRIX G16,Asus,"I7 13650HX/16GB/512/RTX4050 6GB/W11+OHS21+M365 1Y/16""FHD IPS/100%sRGB/4-ZONE RGB BL/MOUSE/GREY",22190,
311,laptop,ROG G614JV-I746C7G-OM  STRIX G16,Asus,"I7 13650HX/16GB/SSD 1TB/RTX4060 8GB/W11+OHS21+M365 1Y/16""QHD+ IPS/BL PER-KEY RGB/NUMPAD/ECLIPSE GREY",26400,
312,handphone,ASUS Zenfone 11 Ultra 12/256,Asus,"Eternal Black, Skyline Blue",9999,
313,laptop,IBOX MLY33ID Apple Macbook Air 2022,Apple,"M2 8C CPU/8GB/256/GPU 8C OS X/13.3""/1Y/MIDNIGHT BLACK/GAR RESMI IBOX",14400,
314,laptop,IBOX MRXV3ID Apple Macbook Air 13,Apple,"M3 8C GPU/8GB/256/8C CPU/13.3""/1Y/MIDNIGHT/GAR RESMI IBOX",16950,
315,handphone,iPhone 14 128GB,Apple,"Blue, Purple",12499,
316,handphone,iPhone 15 128GB,Apple,"Black, Blue",13249,
317,handphone,iPhone 15 Plus 128GB,Apple,Black,16249,
318,tablet,iPad Mini 7 Wifi 128GB,Apple,"Blue, Purple, Space Grey",9599,
319,tablet,iPad Mini 7 Wifi 256GB,Apple,Purple,11799,
320,tablet,iPad 9 Wifi 64GB,Apple,"Silver, Space Gray",5299,
321,tablet,iPad 9 Wifi 256GB,Apple,Space Gray,8199,
322,tablet,iPad 10 Wifi 64GB,Apple,"Silver, Pink, Blue",6499,
323,tablet,iPad 10 Wifi 256GB,Apple,Pink,9999,
324,tablet,iPad Air 5 Wifi 64GB,Apple,"Blue, Starlight",7999,
325,tablet,Apple iPad Air 11 4th Gen Wifi 128GB M2,Apple,"Space Gray, Starlight, Blue, Purple",11999,
326,tablet,Apple iPad Air 13 1st Gen Wifi 128GB M2,Apple,Space Gray,15499,
327,tablet,Apple iPad Pro 11 5th Gen Wifi 256GB M4,Apple,Space Black,19499,
328,laptop,"Apple MacBook Air (13.3 Inci, M1, 2020) 256GB",Apple,Space Grey,12499,
329,laptop,"Apple Macbook Air (13.6 Inci, M3, 2024) 256GB",Apple,"Space Gray, Starlight",17499,
330,laptop,"Apple Macbook Air (15.3 Inci, M3, 2024) 512GB",Apple,Midnight,24499,
331,watch,Watch S10 42mm,Apple,"Jet Black, Rose Gold",7299,
332,watch,Watch S10 46mm,Apple,"Jet Black, Rose Gold, Silver",7899,
333,watch,Watch S9 45mm,Apple,Starlight,6999,
334,watch,Watch S9 41mm,Apple,Starlight,6499,
335,watch,Watch SE (2) 44mm,Apple,Silver,4999,
336,aksesoris,Power Adapter 20W,Apple,-,499,
337,audio,Airpods Gen 4,Apple,-,2499,
338,audio,Airpods Gen 3rd Gen With Lightning Case,Apple,-,2799,
339,audio,Airpods Pro gen 2,Apple,-,4399,
340,audio,Airpods Pro gen2 with USB C,Apple,-,4399,
341,aksesoris,Apple Pencil gen 2,Apple,-,2599,
342,aksesoris,Apple Pencil (USB-C),Apple,-,1849,
343,komputer,SAMSUNG ESSENTIAL MONITOR S31C 22''FHD,Samsung,"LAYAR 21.5"" + HDMI",1190,
344,handphone,XIAOMI 14T 12/512 Grey,Xiaomi,-,7349,
345,handphone,REDMI 14C 6/128GB Black,Xiaomi,-,1574,
346,handphone,REDMI 14C 6/128GB Blue,Xiaomi,-,1574,
347,handphone,REDMI 14C 6/128GB Purple,Xiaomi,-,1574,
348,handphone,REDMI 14C 8/256GB Black,Xiaomi,-,1888,
349,handphone,REDMI 14C 8/256GB Purple,Xiaomi,-,1888,
350,handphone,REDMI A3 4/128 Black,Xiaomi,-,1258,
351,handphone,REDMI A3 4/128 Blue,Xiaomi,-,1258,
352,handphone,REDMI 13 8/128GB Black,Xiaomi,-,1888,
353,handphone,REDMI 13 8/128GB Gold,Xiaomi,-,1888,
354,handphone,REDMI 13 8/256GB Black,Xiaomi,-,2098,
355,handphone,REDMI 13 8/256GB Gold,Xiaomi,-,2098,
356,tablet,REDMI Pad SE 4/128 Grey,Xiaomi,-,2098,
357,tablet,REDMI Pad Pro 8/256 Grey,Xiaomi,-,4514,
358,tablet,REDMI Pad Pro 8/256 Mint Green,Xiaomi,-,4514,
359,tablet,REDMI Pad Pro 8/256 Ocean Blue,Xiaomi,-,4514,
360,tablet,Xiaomi Pad 6S Pro 12.4 8/256 Black,Xiaomi,-,8399,
361,komputer,AIO C24-1700 CI3/8GB,Acer,"I3 1215U/8GB/512/W11+OHS21/1Y/23.8""FHD",7595,
362,komputer,AIO C24-1800 CI3 GEN 13,Acer,"I3 1305/8GB/512/W11+OHS21/1Y/23.8""FHD",7695,
363,komputer,AIO C22-1700 CI5,Acer,"I5 1235U/8GB/512/W11+OHS21/1Y/21.5""FHD",9395,
364,komputer,AIO C24-1700 CI5,Acer,"I5 1235U/8GB/512/W11+OHS21/1Y/23.8""FHD",9945,
365,laptop,AL14-C3MH,Acer,"INTEL N100/8GB DDR5/256/W11+OHS/14""WUXGA/SILVER",4645,
366,laptop,AL14-C0G4,Acer,"INTEL N100/8GB DDR5/512/W11+OHS21/14""WUXGA IPS/SILVER",4895,
367,laptop,AL14-C6DD,Acer,"INTEL N100/8GB DDR5/512/W11+OHS21/14""WUXGA IPS/SILVER",4895,
368,laptop,AL14-3BID,Acer,"I3 1215/8GB DDR4/512/W11+OHS21/14""WUXGA IPS/COSMIC NAVY",6195,
369,laptop,AL14-3CID,Acer,"I3 1215/8GB DDR4/512/W11+OHS21/14""WUXGA IPS/SILVER",6195,
370,laptop,AL14-31Y7 512GB,Acer,"I3 1215/8GB DDR5/512/W11+OHS21/14""WUXGA IPS/SILVER",6295,
371,laptop,A514-57Q8,Acer,"I5 1335/8GB/512/W11+OHS21/14""FHD/STEEL GREY",8395,
372,laptop,AL14-59YA,Acer,"I5 1235/8GB DDR5/512/W11+OHS21/14""WUXGA IPS/SILVER",8245,
373,laptop,AL14-59TF,Acer,"I5 1334/16GB/512/W11+OHS21/14""WUXGA IPS/SILVER",8745,
374,laptop,GO 14 AG14-R499,Acer,"R3 7320/8GB/512/W11+OHS21/14""WUXGA/SILVER",5895,
375,laptop,A314-R7E5,Acer,"R7 5700/16GB/512/W11+OHS21/14""WUXGA IPS/SILVER",8440,
376,laptop,TRAVELMATE P40-53.509K,Acer,"I5 1135G7/8GB/512/W11+OHS21/14""FHD/1Y/BLACK",7095,
377,laptop,SPIN 5 A5SP14-58F6,Acer,"I5 1335/16GB/512/W11+OHS21/14""WUXGA IPS/FLIP/TOUCH/PEN/BL/FP/STEEL GREY",11095,
378,laptop,SPIN 5 A5SP14-7819,Acer,"I7 1355/16GB/512/W11+OHS21/14""WUXGA IPS/FLIP/TOUCH/PEN/BL/FP/STEEL GREY",13070,
379,laptop,SWIFT GO SFG14-73.5135,Acer,"Intel Core Ultra 5 125H/16GB/512/W11+OHS21/14"" 2.8K IPS/100%sRGB/BL/FP/SILVER",11445,
380,laptop,NITRO V AN515-542G,Acer,"I5 13420H/8GB/512/RTX2050 4GB/W11+OHS21/15.6""FHD IPS/BL/BLACK",10095,
381,laptop,NITRO V 15-5115,Acer,"I5 13420H/8GB/512/RTX4050 6GB/W11+OHS21/15.6""FHD IPS/BL/BLACK",13895,
382,laptop,NITRO V 15-901S,Acer,"I9 13900H/16GB/512/RTX4060 8GB/W11+OHS21/15.6""FHD IPS/BL SINGLE ZONE/BLACK",17595,
383,komputer,ADVAN AIO ONE PC N100,Advan,"INTEL N100/4GB/128/W11/24""FHD/sRGB 99%/1Y/SILVER",3845,
384,komputer,ADVAN AIO ONE PC I3 A-8S2,Advan,"I3 1215U/8GB/256/W11/23.8""FHD/SRGB 99%/LAN/WIFI/BT/1Y/SILVER",5895,
385,komputer,ADVAN AIO ONE PC I5 A-8S5,Advan,"I5 1240P/8GB/512/W11/23.8"" FHD/SRGB 99%/LAN/WIFI/BT/1Y/SILVER",7695,
386,laptop,ADVAN T-BOOK POLOS (NO BAG),Advan,"INTEL N100 TURBO BOOST 3.40GHZ/4GB/128emmc/W11/14"" HD IPS/1Y/GREY/NO BAG/POLOS/NO MOTIF",2845,
387,laptop,ADVAN TRANSFORMER BOOK MOTIF (NO BAG),Advan,"INTEL N100 TURBO BOOST 3.40GHZ/4GB/128emmc/W11/14"" HD IPS/1Y/GREY/NO BAG/MOTIF/BODY METAL",2945,
388,laptop,ADVAN 360 STYLUS PRO (NO BAG),Advan,"I3 1215U/8GB/256/W11/14""FHD IPS/TOUCH/FLIP/PEN/1Y/GREY",6250,
389,laptop,ADVAN WORKPRO LITE GREY CI3 FHD (NO BAG),Advan,"I3 1220P/8GB/256/W11/14""FHD/1Y/GREY",4395,
390,laptop,ADVAN W5-15S (GEN 12) TKDN,Advan,"I5 12450H/16GB/512/W11/14""FHD IPS/1Y/GREY/TKDN",7750,
391,laptop,ADVAN WORKPRO LITE GREY CI5,Advan,"I5 1035G7/8GB/256/W11/14""/1Y/GREY",4695,
392,laptop,ADVAN WORKPRO I5 1035G7/8GB/256/GOLD 1.2KG,Advan,"I5 1035G7/8GB/256/W11/14""FHD/GOLD/1.2KG/1Y",5000,
393,laptop,ADVAN WORKPRO I5 12450H/8GB/512/GREY,Advan,"I5 12450H/8GB/512/W11/14""FHD/GREY/1.2KG/1Y",6350,
394,laptop,ADVAN WORKPLUS I5 24GB (NO BAG),Advan,"I5 12600H/24GB DDR5/512/W11/14""FHD+ IPS/SILVER/1Y/NO BAG",7700,
395,laptop,ADVAN SOULMATE PLUS GREY (NO BAG),Advan,"R5 3500/8GB/256/W11/14""/GREY/NO BAG",3945,
396,laptop,ADVAN WORKPLUS R5 (NO BAG),Advan,"R5 6600H/16GB DDR5/512/W11/14""FHD/FP/SILVER/1.3KG/1Y/NO BAG",6940,
397,laptop,ADVAN WORKPLUS R7 (NO BAG),Advan,"R7 7735HS/16GB/512/W11/14""FHD/FP/1Y/180° ROTATION ANGLE/SILVER/NO BAG",8290,
398,laptop,ADVAN AI GEN ULTRA,Advan,"Intel Ultra 5 125H/16GB/512/W11/14""FHD IPS/180° ROTATION ANGLE/FP/1Y/SILVER",9395,
399,laptop,Axioo Mybook Hype 1 N4020/4GB/128/W11/BLUE,Axioo,"N4020/4GB/128/W11/14""/BLUE",2450,
400,laptop,Axioo Mybook Hype X DOS BLUE,Axioo,"N4020/8GB/256/DOS/14""/BLUE",2620,
401,laptop,Axioo Slimbook Hype 10 DOS BLACK,Axioo,"N4020/8GB/256/DOS/14""/BLACK",2700,
402,laptop,Axioo Slimbook Hype 10 DOS BROWN (TITANIUM),Axioo,"N4020/8GB/256/DOS/14""/BROWN (TITANIUM)",2700,
403,laptop,Axioo Slimbook Hype 10 W11 BLACK (MIDNIGHT),Axioo,"N4020/8GB/256/W11/14""/ BLACK",2875,
404,laptop,Axioo Slimbook Hype 10 W11 BROWN (TITANIUM),Axioo,"N4020/8GB/256/W11/14""/BROWN (TITANIUM)",2875,
405,laptop,Axioo Mybook Hype 3 CI3/8GB/256/DOS/BLUE,Axioo,"I3 1005G1/8GB/256/DOS/14""FHD IPS/HDMI/BLUE",4195,
406,laptop,Axioo Mybook Hype 3 CI3/8GB/256/DOS/GREY,Axioo,"I3 1005G1/8GB/256/DOS/14""FHD IPS/HDMI/GREY",4195,
407,laptop,Axioo Mybook Hype 3 CI3/8GB/256/W11/BLUE,Axioo,"I3 1005G1/8GB/256/W11/14""FHD IPS/HDMI/BLUE",4395,
408,laptop,Axioo Mybook Hype 3 CI3/8GB/256/W11/GREY,Axioo,"I3 1005G1/8GB/256/W11/14""FHD IPS/HDMI/GREY",4395,
409,laptop,Axioo Mybook Hype JKT48 I3 1215/16GB/W11/GREY,Axioo,"I3 1215/16GB/512/W11/14""FHD/GREY",5550,
410,laptop,Axioo Mybook Hype 5 G12 I5/8GB/256/DOS/BLK,Axioo,"I5 1235/8GB/256/DOS/14""FHD IPS/BLACK",5820,
411,laptop,Axioo Mybook Hype 5 G12 I5/16GB/512/DOS/BLK,Axioo,"I5 1235/16GB/512/DOS/14""FHD IPS/BLACK",6375,
412,laptop,Axioo Mybook Hype 5 G12 I5/16GB/512/W11/BLK,Axioo,"I5 1235/16GB/512/W11/14""FHD IPS/BLACK",6625,
413,laptop,Axioo Mybook Hype 5 (X3) JKT48 R5 3500/8GB/256/DOS/GREY,Axioo,"R5 3500/8GB/256/DOS/14""FHD IPS/GREY",4425,
414,laptop,Axioo Mybook Hype 5 (X3) JKT48 R5 3500/8GB/256/DOS/BLUE,Axioo,"R5 3500/8GB/256/DOS/14""FHD IPS/BLUE",4425,
415,laptop,Axioo Mybook Hype 5 (X3) JKT48 R5 3500/8GB/256/W11/GREY,Axioo,"R5 3500/8GB/256/W11/14""FHD IPS/GREY",4725,
416,laptop,Axioo Mybook Hype 5 (X3) JKT48 R5 3500/8GB/256/W11/BLUE,Axioo,"R5 3500/8GB/256/W11/14""FHD IPS/BLUE",4725,
417,laptop,Axioo Mybook Hype 5 (X3) LOLLIPOP R5 3500/8GB/256/W11/BLUE,Axioo,"R5 3500/8GB/256/W11/14""FHD IPS/BLUE",4725,
418,laptop,Axioo Mybook Hype 5 (X3) LOLLIPOP R5 3500/8GB/256/W11/PURPLE,Axioo,"R5 3500/8GB/256/W11/14""FHD IPS/PURPLE",4725,
419,laptop,Axioo Mybook Hype 5 (X3) LOLLIPOP R5 3500/8GB/256/W11/PINK,Axioo,"R5 3500/8GB/256/W11/14""FHD IPS/PINK",4725,
420,laptop,Axioo Mybook Hype 5 (X5) R5 5560/8GB/DOS/GREY,Axioo,"R5 5560/8GB/256/DOS/14""FHD IPS/GREY",5125,
421,laptop,Axioo Mybook Hype 5 (X5) R5 5560/8GB/DOS/BLUE,Axioo,"R5 5560/8GB/256/DOS/14""FHD IPS/BLUE",5125,
422,laptop,Axioo Mybook Hype 5 (X5-2) R5 7430/8GB/256/DOS/GREY,Axioo,"R5 7430/8GB/256/DOS/14""FHD IPS/GREY",5325,
423,laptop,Axioo Mybook Hype 5 (X5-2) R5 7430/8GB/256/DOS/BLUE,Axioo,"R5 7430/8GB/256/DOS/14""FHD IPS/BLUE",5325,
424,laptop,Axioo Mybook Hype 5 (X5) R5 5560/8GB/256/W11/GREY,Axioo,"R5 5560/8GB/256/W11/14""FHD IPS/GREY",5475,
425,laptop,Axioo Mybook Hype 5 (X5) R5 5560/8GB/256/W11/BLUE,Axioo,"R5 5560/8GB/256/W11/14""FHD IPS/BLUE",5475,
426,laptop,Axioo Mybook Hype 5 (X5) R5 5560/16GB/256/W11/GREY,Axioo,"R5 5560/16GB/256/W11/14""FHD IPS/GREY",5800,
427,laptop,Axioo Mybook Hype 5 (X5) R5 5560/16GB/256/W11/BLUE,Axioo,"R5 5560/16GB/256/W11/14""FHD IPS/BLUE",5800,
428,laptop,Axioo Mybook Hype 5 (X5-2) R5 7430/16GB/256/W11/GREY,Axioo,"R5 7430/16GB/256/W11/14""FHD IPS/GREY",5950,
429,laptop,Axioo Mybook Hype 5 (X5-2) R5 7430/16GB/256/W11/BLUE,Axioo,"R5 7430/16GB/256/W11/14""FHD IPS/BLUE",5950,
430,laptop,Axioo Mybook Hype 5 (X6) R5 6600/W11/GREY,Axioo,"R5 6600H/16GB/512/W11/14""FHD IPS/GREY",7350,
431,laptop,Axioo Mybook Hype 7 (X7) R7 5700/8GB/DOS/GREY,Axioo,"R7 5700/8GB/512/DOS/14""FHD/GREY",6150,
432,laptop,Axioo Mybook Hype 7 (X7) R7 5700/8GB/W11/GREY,Axioo,"R7 5700/8GB/512/W11/14""FHD/GREY",6350,
433,laptop,Axioo Mybook Hype 7 (X7) R7 5825/8GB/512/DOS/BLUE,Axioo,"R7 5825/8GB/512/DOS/14""FHD/BLUE",6200,
434,laptop,Axioo Mybook Hype 7 (X7) R7 5825/8GB/512/DOS/GREY,Axioo,"R7 5825/8GB/512/DOS/14""FHD/GREY",6200,
435,laptop,Axioo Mybook Hype 7 (X7) R7 5700/16GB/DOS/GREY,Axioo,"R7 5700/16GB/512/DOS/14""FHD/GREY",6450,
436,laptop,Axioo Mybook Hype 7 (X7) R7 5700/16GB/W11/GREY,Axioo,"R7 5700/16GB/512/W11/14""FHD/GREY",6650,
437,laptop,Axioo Mybook Hype 7 (X7) R7 5825/16GB/512/DOS/GREY,Axioo,"R7 5825/16GB/512/DOS/14""FHD/GREY",6450,
438,laptop,Axioo PONGO 725 DOS,Axioo,"I7 12650H/16GB/512/RTX2050 4GB/DOS/15.6""FHD/PORT RJ45/3Y/GREY",9545,
439,laptop,Axioo PONGO 725 W11,Axioo,"I7 12650H/16GB/512/RTX2050 4GB/W11/15.6""FHD/PORT RJ45/3Y/GREY",9845,
440,laptop,MSI MODERN 14-C12MO.1058,MSI,"I3 1215U/8GB/256/W11+OHS21/14""FHD IPS/2Y/BLACK",5600,
441,laptop,MSI MODERN 14-C12MO.1246,MSI,"I3 1215U/8GB/256/W11+OHS21/14""FHD IPS/2Y/SILVER",5600,
442,laptop,MSI MODERN 14-C12MO.1253,MSI,"I3 1215U/8GB/512/W11+OHS21/14""FHD IPS/BL/SILVER",6200,
443,laptop,MSI MODERN 14-C12MO.1282,MSI,"I5 1235U/16GB/512/W11+OHS21/14""FHD IPS/BL/2Y/SILVER",8100,
444,laptop,MSI THIN 15-B12UCX.2299,MSI,"I5 12450H/8GB/512/RTX2050 4GB/W11/15.6""FHD IPS/SINGLE BL BLUE/COSMOS GREY",9250,
445,laptop,MSI THIN 15-B13UCX.2410,MSI,"I5 13420H/8GB/512/RTX2050 4GB/W11/15.6""FHD IPS/SINGLE BL BLUE/COSMOS GREY",10395,
446,laptop,MSI THIN 15-B12UC.2411,MSI,"I5 12450H/8GB/512/RTX3050 4GB/W11/15.6""FHD IPS/SINGLE BL BLUE/COSMOS GREY",10200,
447,laptop,MSI THIN 15-B12UCX.2413,MSI,"I7 12650H/8GB/512/RTX2050 4GB/W11/15.6""FHD IPS/SINGLE BL BLUE//2Y/COSMOS GREY",9850,
448,laptop,MSI THIN 15-B13UCX.2408,MSI,"I7 13620H/8GB/512/RTX2050 4GB/W11/15.6""FHD IPS/SINGLE BL BLUE/2Y/COSMOS GREY",11100,
449,laptop,MSI THIN 15-B12UC.2405,MSI,"I7 12650H/8GB/512/RTX3050 4GB/W11/15.6""FHD IPS/SINGLE BL BLUE/2Y/COSMOS GREY",10750,
450,laptop,MSI THIN 15-B13UC.2407,MSI,"I7 13620H/8GB/512/RTX3050 4GB/W11/15.6""FHD IPS/SINGLE BL BLUE/2Y/COSMOS GREY",12400,
451,laptop,MSI THIN 15-B12VE.2292,MSI,"I7 12650H/8GB/512/RTX4050 6GB/W11/15.6""FHD IPS/SINGLE BL BLUE/2Y/COSMOS GREY",12900,
452,laptop,MSI CYBORG 15-A13VEK.844,MSI,"I7 13620H/16GB/512/RTX4050 6GB/W11+OHS21/15.6""FHD/4-ZONE RGB BL/2Y/BLACK",15000,
453,laptop,MSI CYBORG 15-A13VFK.1434,MSI,"I7 13620H/16GB/SSD 1TB/RTX4060 8GB/W11+OHS21/15.6""FHD IPS/4-ZONE RGB BL/BLACK",16000,
454,laptop,MSI PULSE 16-C1VFKG.070,MSI,"Intel Core Ultra 9 185H/16GB/SSD 1TB/RTX4060 8GB/W11+OHS21/16""QHD+ IPS/24-ZONE RGB BL W/ ANTI GHOST KEY (99KEY)/2Y/BLACK",26300,
455,laptop,ZYREX BUNAKEN BLACK (NO BAG),Zyrex,"N4020/4GB/SSD 256GB+64GB eMMC/W10/14""/2Y/BLACK/NO BAG",2245,
456,laptop,ZYREX D-TECH,Zyrex,"R5 3500/16GB/256/W11/14""/2Y/BLUE",4200,
